epoch,time,train/box_loss,train/cls_loss,train/dfl_loss,metrics/precision(B),metrics/recall(B),metrics/mAP50(B),metrics/mAP50-95(B),val/box_loss,val/cls_loss,val/dfl_loss,lr/pg0,lr/pg1,lr/pg2
1,10.2684,0.67439,3.41985,0.94826,0.43247,0.31838,0.42153,0.36162,0.54226,2.60931,0.84573,0.07025,0.00330556,0.00330556
2,19.5789,0.81114,2.18448,0.97492,0.5644,0.80188,0.76036,0.6682,0.55311,1.59641,0.85406,0.0402062,0.00659507,0.00659507
3,28.8873,0.84277,1.85747,0.98143,0.76979,0.78105,0.90051,0.72061,0.73988,1.80938,0.93617,0.0101184,0.00984059,0.00984059
4,38.1064,0.83615,1.63533,0.98818,0.80169,0.89699,0.9205,0.722,0.77229,1.51198,0.91567,0.009802,0.009802,0.009802
5,47.43,0.85008,1.42865,0.98428,0.90935,1,0.98228,0.82729,0.63868,1.08416,0.87798,0.009736,0.009736,0.009736
6,56.787,0.80937,1.31571,0.97077,0.90793,0.88344,0.95716,0.8011,0.64817,1.27443,0.90249,0.00967,0.00967,0.00967
7,66.7082,0.80017,1.26063,0.99039,0.87375,0.97989,0.97084,0.81372,0.61615,1.10842,0.8996,0.009604,0.009604,0.009604
8,76.6546,0.77532,1.17292,0.96987,0.95296,0.95179,0.9825,0.84951,0.59132,1.08991,0.88967,0.009538,0.009538,0.009538
9,86.806,0.77466,1.14438,0.97705,0.98601,0.97122,0.99441,0.84261,0.59799,0.90182,0.88064,0.009472,0.009472,0.009472
10,96.7585,0.73347,1.05067,0.96105,0.98328,0.99819,0.995,0.86151,0.54428,0.85021,0.88148,0.009406,0.009406,0.009406
11,106.483,0.73907,1.05837,0.95732,0.97667,0.98902,0.99365,0.87771,0.53906,0.7746,0.87329,0.00934,0.00934,0.00934
12,116.81,0.70238,1.01778,0.96679,0.96552,0.9857,0.98208,0.85936,0.54495,0.77763,0.89281,0.009274,0.009274,0.009274
13,128.597,0.66142,0.90232,0.94708,0.96893,0.98415,0.98534,0.87819,0.50418,0.74145,0.85919,0.009208,0.009208,0.009208
14,140.18,0.67588,0.9399,0.94507,0.99317,0.99242,0.99471,0.87867,0.51188,0.64395,0.85269,0.009142,0.009142,0.009142
15,151.975,0.65416,0.91315,0.93715,0.99312,1,0.995,0.88744,0.50718,0.61646,0.85672,0.009076,0.009076,0.009076
16,163.627,0.65485,0.8949,0.94193,0.96467,0.99733,0.995,0.86215,0.53052,0.65012,0.85025,0.00901,0.00901,0.00901
17,174.896,0.67137,0.87021,0.94648,0.99118,1,0.995,0.91285,0.46017,0.6318,0.84526,0.008944,0.008944,0.008944
18,186.294,0.62822,0.82556,0.93565,0.99266,0.99951,0.995,0.89839,0.4643,0.57423,0.84231,0.008878,0.008878,0.008878
19,198.097,0.64736,0.80698,0.93361,0.99276,1,0.995,0.89611,0.46806,0.58666,0.84078,0.008812,0.008812,0.008812
20,209.339,0.62841,0.81642,0.93656,0.97346,0.99712,0.99212,0.88365,0.50503,0.56385,0.84655,0.008746,0.008746,0.008746
21,218.804,0.62201,0.78379,0.93625,0.97654,0.9987,0.99167,0.89823,0.45834,0.5398,0.84216,0.00868,0.00868,0.00868
22,228.052,0.61408,0.77153,0.93958,0.97787,0.98721,0.99236,0.88633,0.53366,0.59322,0.87322,0.008614,0.008614,0.008614
23,237.461,0.61228,0.8004,0.94226,0.98456,0.99836,0.995,0.89981,0.47738,0.52224,0.84637,0.008548,0.008548,0.008548
24,246.805,0.62514,0.766,0.94131,0.97447,0.99149,0.99375,0.89689,0.44802,0.52684,0.84188,0.008482,0.008482,0.008482
25,256.1,0.60431,0.73684,0.92976,0.98443,0.99615,0.99471,0.88995,0.48474,0.52274,0.83769,0.008416,0.008416,0.008416
26,265.409,0.59177,0.70617,0.91475,0.99381,1,0.995,0.9078,0.44668,0.50469,0.83639,0.00835,0.00835,0.00835
27,274.596,0.56814,0.72034,0.91824,0.99396,0.99432,0.995,0.90109,0.47994,0.4927,0.84496,0.008284,0.008284,0.008284
28,283.859,0.5784,0.68966,0.91913,0.98542,1,0.995,0.91136,0.432,0.50447,0.82889,0.008218,0.008218,0.008218
29,293.22,0.58533,0.68715,0.92127,0.9885,1,0.995,0.89382,0.47796,0.50806,0.84313,0.008152,0.008152,0.008152
30,302.37,0.58571,0.67777,0.94001,0.97768,0.98713,0.98595,0.90458,0.42147,0.46416,0.8313,0.008086,0.008086,0.008086
31,311.945,0.55282,0.69749,0.91575,0.98992,1,0.995,0.91077,0.42631,0.45467,0.82734,0.00802,0.00802,0.00802
32,322.044,0.55289,0.64007,0.90762,0.9945,1,0.995,0.91407,0.41397,0.45643,0.82132,0.007954,0.007954,0.007954
33,331.942,0.57818,0.65387,0.92518,0.99083,1,0.995,0.91932,0.41163,0.42875,0.81988,0.007888,0.007888,0.007888
34,341.728,0.57351,0.6663,0.92452,0.99457,0.98725,0.995,0.91327,0.43782,0.4484,0.82799,0.007822,0.007822,0.007822
35,351.301,0.56288,0.66333,0.91923,0.99403,1,0.995,0.91643,0.41401,0.44619,0.81926,0.007756,0.007756,0.007756
36,360.813,0.54649,0.63244,0.91789,0.99235,1,0.995,0.91729,0.41185,0.42356,0.81916,0.00769,0.00769,0.00769
37,370.547,0.54281,0.61905,0.90895,0.9935,1,0.995,0.91574,0.42994,0.43567,0.82042,0.007624,0.007624,0.007624
38,380.624,0.53979,0.60817,0.91042,0.99493,1,0.995,0.9168,0.41427,0.41421,0.81942,0.007558,0.007558,0.007558
39,390.441,0.53753,0.58927,0.90399,0.96358,1,0.98854,0.90941,0.42244,0.44019,0.82081,0.007492,0.007492,0.007492
40,399.817,0.53925,0.61089,0.9137,0.99541,1,0.995,0.90962,0.43444,0.41465,0.82681,0.007426,0.007426,0.007426
41,408.83,0.52778,0.60225,0.91477,0.99329,1,0.995,0.91124,0.43915,0.42932,0.82919,0.00736,0.00736,0.00736
42,417.643,0.53549,0.58478,0.90741,0.9793,0.99873,0.99325,0.9243,0.41194,0.40772,0.81656,0.007294,0.007294,0.007294
43,426.515,0.49974,0.56601,0.89891,0.99521,0.99983,0.995,0.92502,0.40571,0.3899,0.81342,0.007228,0.007228,0.007228
44,436.175,0.5449,0.60268,0.90951,0.99294,1,0.995,0.91148,0.41542,0.40443,0.82217,0.007162,0.007162,0.007162
45,445.407,0.53571,0.58121,0.90951,0.98664,0.99167,0.995,0.92165,0.42162,0.39511,0.81871,0.007096,0.007096,0.007096
46,454.435,0.51328,0.56373,0.89831,0.98942,1,0.995,0.9271,0.40149,0.37302,0.81282,0.00703,0.00703,0.00703
47,463.622,0.53016,0.58517,0.91852,0.98206,0.98971,0.99458,0.92837,0.39564,0.40351,0.81136,0.006964,0.006964,0.006964
48,473.03,0.51288,0.57792,0.91695,0.99652,1,0.995,0.92167,0.39966,0.36421,0.80876,0.006898,0.006898,0.006898
49,482.582,0.50101,0.54224,0.89247,0.99493,1,0.995,0.92399,0.39448,0.35891,0.81146,0.006832,0.006832,0.006832
50,492.131,0.52472,0.57133,0.92257,0.9949,1,0.995,0.93164,0.39357,0.36604,0.80757,0.006766,0.006766,0.006766
51,501.901,0.49919,0.54467,0.89383,0.99346,1,0.995,0.91923,0.40421,0.37062,0.81147,0.0067,0.0067,0.0067
52,511.492,0.51054,0.53851,0.89994,0.99276,1,0.995,0.92482,0.40674,0.36682,0.81384,0.006634,0.006634,0.006634
53,520.745,0.50832,0.52698,0.8989,0.99449,1,0.995,0.92712,0.3941,0.34594,0.81382,0.006568,0.006568,0.006568
54,530.036,0.4993,0.50722,0.89191,0.99572,1,0.995,0.92678,0.38766,0.34652,0.8126,0.006502,0.006502,0.006502
55,539.15,0.51289,0.52403,0.90808,0.99673,0.9993,0.995,0.91947,0.40869,0.3421,0.81165,0.006436,0.006436,0.006436
56,548.813,0.50164,0.519,0.8912,0.99633,1,0.995,0.93096,0.37768,0.34024,0.81207,0.00637,0.00637,0.00637
57,558.885,0.47223,0.50318,0.88656,0.99643,1,0.995,0.93113,0.40013,0.34383,0.81565,0.006304,0.006304,0.006304
58,568.792,0.47659,0.49013,0.87984,0.99615,1,0.995,0.92417,0.39378,0.34636,0.8078,0.006238,0.006238,0.006238
59,579.042,0.49177,0.49335,0.88929,0.99527,1,0.995,0.92438,0.39838,0.35529,0.81003,0.006172,0.006172,0.006172
60,588.716,0.4784,0.51164,0.89228,0.99696,1,0.995,0.92232,0.40922,0.35818,0.81438,0.006106,0.006106,0.006106
61,598.116,0.47561,0.48883,0.88449,0.99483,1,0.995,0.93184,0.39103,0.34451,0.80809,0.00604,0.00604,0.00604
62,607.251,0.49297,0.50163,0.89279,0.9871,0.98997,0.99108,0.92525,0.3971,0.35786,0.81114,0.005974,0.005974,0.005974
63,616.759,0.48211,0.49967,0.88593,0.99379,0.98724,0.995,0.93861,0.3827,0.35219,0.80613,0.005908,0.005908,0.005908
64,626.587,0.48653,0.50006,0.89034,0.99341,1,0.995,0.93154,0.38396,0.33149,0.80297,0.005842,0.005842,0.005842
65,640.773,0.48482,0.49004,0.88912,0.99498,1,0.995,0.92462,0.39389,0.33569,0.80595,0.005776,0.005776,0.005776
66,658.003,0.46587,0.47234,0.8833,0.9956,1,0.995,0.94208,0.37592,0.32762,0.80493,0.00571,0.00571,0.00571
67,675.612,0.45875,0.45898,0.88727,0.99641,1,0.995,0.93613,0.36368,0.31925,0.80225,0.005644,0.005644,0.005644
68,693.251,0.4647,0.48136,0.89412,0.99567,1,0.995,0.93303,0.37063,0.33225,0.80285,0.005578,0.005578,0.005578
69,705.555,0.4662,0.46988,0.88138,0.99594,1,0.995,0.93176,0.37259,0.31622,0.80333,0.005512,0.005512,0.005512
70,714.684,0.47625,0.46899,0.88593,0.99572,1,0.995,0.94015,0.37163,0.31466,0.8046,0.005446,0.005446,0.005446
71,723.746,0.46124,0.45038,0.88437,0.99515,1,0.995,0.93989,0.37404,0.30833,0.80289,0.00538,0.00538,0.00538
72,732.995,0.45441,0.45922,0.88156,0.99526,1,0.995,0.94732,0.35517,0.30143,0.80493,0.005314,0.005314,0.005314
73,742.021,0.46054,0.45073,0.88381,0.99256,1,0.995,0.93488,0.37086,0.30137,0.8016,0.005248,0.005248,0.005248
74,751.28,0.46713,0.46169,0.88524,0.99654,1,0.995,0.9362,0.36702,0.29596,0.80063,0.005182,0.005182,0.005182
75,760.103,0.45781,0.45216,0.87691,0.99387,1,0.995,0.93999,0.37944,0.30154,0.803,0.005116,0.005116,0.005116
76,768.935,0.45323,0.44869,0.89292,0.99386,1,0.995,0.93075,0.35541,0.30255,0.79836,0.00505,0.00505,0.00505
77,777.666,0.46574,0.44794,0.88772,0.99518,1,0.995,0.93255,0.36085,0.29236,0.80093,0.004984,0.004984,0.004984
78,787.223,0.45075,0.44697,0.88383,0.99655,1,0.995,0.93612,0.37418,0.30971,0.80252,0.004918,0.004918,0.004918
79,797.125,0.45175,0.44249,0.87962,0.99613,1,0.995,0.93946,0.3638,0.29921,0.80093,0.004852,0.004852,0.004852
80,806.736,0.44251,0.4411,0.87586,0.99616,1,0.995,0.94219,0.3667,0.30344,0.80382,0.004786,0.004786,0.004786
81,816.165,0.43538,0.4213,0.87221,0.99551,1,0.995,0.94252,0.35933,0.29248,0.80147,0.00472,0.00472,0.00472
82,825.729,0.44506,0.42382,0.88153,0.99502,1,0.995,0.94024,0.35574,0.29305,0.79974,0.004654,0.004654,0.004654
83,835.016,0.4306,0.42239,0.87496,0.99678,1,0.995,0.94378,0.35126,0.28824,0.79993,0.004588,0.004588,0.004588
84,844.201,0.448,0.43578,0.87986,0.99612,1,0.995,0.9326,0.3589,0.2972,0.79977,0.004522,0.004522,0.004522
85,853.989,0.43731,0.43142,0.87505,0.99486,1,0.995,0.93741,0.35996,0.28542,0.80011,0.004456,0.004456,0.004456
86,863.338,0.44031,0.43216,0.87248,0.99487,1,0.995,0.9335,0.37632,0.29078,0.80818,0.00439,0.00439,0.00439
87,872.677,0.43227,0.43061,0.88042,0.99425,1,0.995,0.94537,0.33912,0.28092,0.79382,0.004324,0.004324,0.004324
88,882.054,0.43864,0.44754,0.87216,0.99387,0.99967,0.995,0.94474,0.34665,0.28704,0.79465,0.004258,0.004258,0.004258
89,890.99,0.42918,0.4204,0.87903,0.99324,1,0.995,0.9367,0.35747,0.29909,0.79708,0.004192,0.004192,0.004192
90,900.341,0.45079,0.4338,0.86901,0.99617,1,0.995,0.9412,0.35363,0.29085,0.79816,0.004126,0.004126,0.004126
91,909.811,0.43145,0.43686,0.87776,0.99639,1,0.995,0.94065,0.35368,0.28916,0.80127,0.00406,0.00406,0.00406
92,919.043,0.41147,0.39922,0.86262,0.99434,1,0.995,0.93834,0.35611,0.28556,0.80184,0.003994,0.003994,0.003994
93,928.363,0.42693,0.40657,0.87819,0.99364,1,0.995,0.94729,0.34212,0.28026,0.79848,0.003928,0.003928,0.003928
94,937.341,0.40347,0.39651,0.86687,0.996,1,0.995,0.94521,0.35712,0.28695,0.80069,0.003862,0.003862,0.003862
95,946.498,0.42905,0.40876,0.87756,0.99595,1,0.995,0.93691,0.36039,0.27525,0.80144,0.003796,0.003796,0.003796
96,956.105,0.41532,0.40177,0.86832,0.99473,1,0.995,0.9456,0.36385,0.28539,0.79682,0.00373,0.00373,0.00373
97,965.839,0.41595,0.41973,0.87423,0.99633,1,0.995,0.94922,0.33972,0.26451,0.79165,0.003664,0.003664,0.003664
98,975.508,0.41149,0.38041,0.8575,0.99615,1,0.995,0.94308,0.34522,0.26406,0.79185,0.003598,0.003598,0.003598
99,984.947,0.42,0.42212,0.87216,0.99583,1,0.995,0.95105,0.33406,0.26027,0.78902,0.003532,0.003532,0.003532
100,993.988,0.40875,0.3959,0.86375,0.99563,1,0.995,0.94164,0.35201,0.2738,0.79398,0.003466,0.003466,0.003466
101,1003.02,0.41549,0.39442,0.85586,0.99516,1,0.995,0.94538,0.36073,0.28032,0.79827,0.0034,0.0034,0.0034
102,1012.37,0.41628,0.39221,0.87176,0.99492,1,0.995,0.94496,0.34669,0.2684,0.79236,0.003334,0.003334,0.003334
103,1022.19,0.40743,0.38513,0.86651,0.99568,1,0.995,0.94978,0.34225,0.26479,0.79491,0.003268,0.003268,0.003268
104,1032.09,0.41398,0.39392,0.85973,0.99628,1,0.995,0.94619,0.34532,0.26791,0.79371,0.003202,0.003202,0.003202
105,1041.77,0.40051,0.38434,0.86354,0.99537,1,0.995,0.9443,0.33443,0.27208,0.79018,0.003136,0.003136,0.003136
106,1051.33,0.40782,0.37938,0.86514,0.99401,1,0.995,0.95141,0.3334,0.25874,0.78959,0.00307,0.00307,0.00307
107,1060.79,0.40429,0.3776,0.8572,0.99666,1,0.995,0.94742,0.34233,0.25662,0.79023,0.003004,0.003004,0.003004
108,1070.2,0.4017,0.37881,0.85404,0.9962,1,0.995,0.94808,0.33855,0.2553,0.78939,0.002938,0.002938,0.002938
109,1080.34,0.39228,0.37526,0.86073,0.99598,1,0.995,0.95306,0.33571,0.25388,0.78873,0.002872,0.002872,0.002872
110,1090.15,0.39176,0.35871,0.86255,0.99627,1,0.995,0.94555,0.34814,0.26453,0.79303,0.002806,0.002806,0.002806
111,1099.81,0.3906,0.37568,0.8581,0.9958,1,0.995,0.94851,0.334,0.25009,0.78812,0.00274,0.00274,0.00274
112,1109.52,0.37702,0.36095,0.85479,0.99564,1,0.995,0.947,0.33692,0.2589,0.78889,0.002674,0.002674,0.002674
113,1119.35,0.38742,0.35858,0.85151,0.99644,1,0.995,0.94191,0.33939,0.25926,0.78855,0.002608,0.002608,0.002608
114,1128.74,0.39237,0.36801,0.86684,0.99664,1,0.995,0.94784,0.33777,0.25268,0.78863,0.002542,0.002542,0.002542
115,1137.87,0.39119,0.36424,0.85867,0.99655,1,0.995,0.94683,0.32878,0.23815,0.78644,0.002476,0.002476,0.002476
116,1147.22,0.39318,0.35208,0.8615,0.99679,1,0.995,0.9536,0.34172,0.24748,0.78822,0.00241,0.00241,0.00241
117,1156.74,0.38228,0.35039,0.86313,0.99695,1,0.995,0.94671,0.33573,0.25348,0.78711,0.002344,0.002344,0.002344
118,1166.05,0.38915,0.36444,0.85992,0.99616,1,0.995,0.95252,0.33558,0.24633,0.78773,0.002278,0.002278,0.002278
119,1175.63,0.39025,0.35377,0.85876,0.99636,1,0.995,0.94248,0.33532,0.25754,0.78862,0.002212,0.002212,0.002212
120,1185.89,0.37772,0.34874,0.84967,0.9963,1,0.995,0.94803,0.33797,0.25082,0.78865,0.002146,0.002146,0.002146
121,1195.68,0.38051,0.35453,0.86178,0.99625,1,0.995,0.95255,0.3246,0.24251,0.78686,0.00208,0.00208,0.00208
122,1206.88,0.37812,0.34775,0.85006,0.99649,1,0.995,0.95483,0.3238,0.24283,0.78635,0.002014,0.002014,0.002014
123,1223.96,0.36789,0.35174,0.84796,0.99659,1,0.995,0.95604,0.32806,0.24287,0.78519,0.001948,0.001948,0.001948
124,1234.78,0.35527,0.32823,0.8361,0.9968,1,0.995,0.95042,0.33301,0.23946,0.78724,0.001882,0.001882,0.001882
125,1243.7,0.38056,0.3394,0.86106,0.99662,1,0.995,0.9563,0.32482,0.24259,0.78684,0.001816,0.001816,0.001816
126,1253.19,0.37216,0.33263,0.84789,0.99722,1,0.995,0.95062,0.31986,0.24371,0.78613,0.00175,0.00175,0.00175
127,1262.61,0.38322,0.34147,0.8616,0.99541,1,0.995,0.95262,0.32242,0.24003,0.78612,0.001684,0.001684,0.001684
128,1272.28,0.36506,0.32986,0.85109,0.99635,1,0.995,0.94678,0.32886,0.24504,0.78493,0.001618,0.001618,0.001618
129,1282.21,0.37544,0.33247,0.85856,0.99574,1,0.995,0.95432,0.32233,0.23849,0.78529,0.001552,0.001552,0.001552
130,1291.81,0.36256,0.31783,0.85306,0.99591,1,0.995,0.9543,0.31465,0.2404,0.78262,0.001486,0.001486,0.001486
131,1301.35,0.37899,0.34103,0.84364,0.99695,1,0.995,0.95394,0.32137,0.23862,0.78421,0.00142,0.00142,0.00142
132,1310.57,0.36901,0.34033,0.85399,0.99666,1,0.995,0.95742,0.32134,0.2351,0.78391,0.001354,0.001354,0.001354
133,1320.22,0.36294,0.34222,0.84644,0.99579,1,0.995,0.95758,0.31861,0.23292,0.7821,0.001288,0.001288,0.001288
134,1329.94,0.36885,0.32263,0.85547,0.99642,1,0.995,0.95561,0.32037,0.22952,0.78261,0.001222,0.001222,0.001222
135,1339.67,0.3578,0.32689,0.84445,0.99577,1,0.995,0.95055,0.31811,0.22688,0.78328,0.001156,0.001156,0.001156
136,1349.49,0.36723,0.33301,0.84959,0.99661,1,0.995,0.95588,0.31868,0.22639,0.78421,0.00109,0.00109,0.00109
137,1358.83,0.34961,0.31422,0.83903,0.99649,1,0.995,0.96045,0.3088,0.22963,0.78223,0.001024,0.001024,0.001024
138,1367.74,0.35589,0.32488,0.8532,0.9961,1,0.995,0.95916,0.31634,0.23079,0.78258,0.000958,0.000958,0.000958
139,1376.98,0.35581,0.31448,0.83622,0.99647,1,0.995,0.96144,0.31714,0.22812,0.78224,0.000892,0.000892,0.000892
140,1386.1,0.34457,0.31111,0.84344,0.9963,1,0.995,0.96139,0.31284,0.22358,0.78218,0.000826,0.000826,0.000826
141,1395.72,0.2839,0.23779,0.79022,0.99486,1,0.995,0.95692,0.31517,0.22325,0.78136,0.00076,0.00076,0.00076
142,1404.82,0.2821,0.2449,0.78885,0.99556,1,0.995,0.95642,0.31919,0.22732,0.78196,0.000694,0.000694,0.000694
143,1414.04,0.27827,0.24227,0.78704,0.99612,1,0.995,0.958,0.31158,0.2305,0.78091,0.000628,0.000628,0.000628
144,1423.05,0.27857,0.23835,0.78616,0.99659,1,0.995,0.95514,0.31624,0.22467,0.78255,0.000562,0.000562,0.000562
145,1431.91,0.27786,0.23987,0.79907,0.99661,1,0.995,0.95644,0.31291,0.21919,0.78245,0.000496,0.000496,0.000496
146,1440.79,0.27832,0.23631,0.79232,0.99619,1,0.995,0.95671,0.30831,0.21741,0.78041,0.00043,0.00043,0.00043
147,1449.66,0.26838,0.23328,0.78545,0.99606,1,0.995,0.95795,0.31704,0.21906,0.78146,0.000364,0.000364,0.000364
148,1458.73,0.27036,0.22736,0.78085,0.99598,1,0.995,0.95703,0.30992,0.21785,0.78154,0.000298,0.000298,0.000298
149,1468.24,0.26662,0.23046,0.79216,0.99631,1,0.995,0.9619,0.30938,0.21405,0.78222,0.000232,0.000232,0.000232
150,1478.2,0.26704,0.23295,0.78394,0.99639,1,0.995,0.95856,0.3096,0.21396,0.78168,0.000166,0.000166,0.000166
